"id","answer","description","date_posted","img_url","started","solved","users_with_hints","total_hints","solve_rate","hint_usage","avg_hints","difficulty"
1,"брауни","Коричневая английская Е (читается как и) = Brown E = созвучно с десертом","2025-06-01","/daily-rebuses/1_v1.jpg","454","219","110","179","0.4824","0.2423","0.3943","0.4303"
2,"tralalelo tralala|тралалело тралала|тралалеро тралала|tralalero tralala","Один из самых известных героев мема BrainRot - акула в кроссовках","2025-06-02","/daily-rebuses/2.jpg","339","162","65","90","0.4779","0.1917","0.2655","0.4010"
3,"свитер|свита","Свитер или Свита. Сладкая буква R. (sweet R). R читается как А или как Эр","2025-06-03","/daily-rebuses/3_v1.jpg","276","134","38","56","0.4855","0.1377","0.2029","0.3736"
4,"подоконник","Под О Конь и К","2025-06-04","/daily-rebuses/4.jpg","255","183","19","28","0.7176","0.0745","0.1098","0.2045"
5,"редактор","Красный актер = Red Actor","2025-06-05","/daily-rebuses/5_v1.jpg","311","200","96","158","0.6431","0.3087","0.5080","0.3675"
6,"восемь|8","В О Семь","2025-06-06","/daily-rebuses/6_v1.jpg","308","282","26","43","0.9156","0.0844","0.1396","0.0927"
7,"пеньюар","ЮАР (Южно-Африканская Республика) + пень","2025-06-07","/daily-rebuses/7.jpg","314","266","61","107","0.8471","0.1943","0.3408","0.1914"
8,"рампа","Рамка в виде буквы П. Игра букв","2025-06-08","/daily-rebuses/8.jpg","313","220","103","231","0.7029","0.3291","0.7380","0.3712"
9,"китай|тина","Могло быть 2 ответа. Чай на = China или Tea (ти) на","2025-06-09","/daily-rebuses/9.jpg","299","207","81","160","0.6923","0.2709","0.5351","0.3326"
10,"колорадо","Цветное (color) адо. Один из штатов Америки","2025-06-10","/daily-rebuses/10.jpg","290","216","75","139","0.7448","0.2586","0.4793","0.2897"
11,"каймак","Кай - герой Снежной Королевы и его компьютер Мак (macbook)","2025-06-11","/daily-rebuses/11.jpg","289","220","74","104","0.7612","0.2561","0.3599","0.2612"
12,"кия рио|кийа рио|кийя рио|киа рио|kia rio","Звук каратистов - ки-я, город Рио-Де-Жанейро. Такой вот каламбур","2025-06-12","/daily-rebuses/12.jpg","282","210","98","148","0.7447","0.3475","0.5248","0.3188"
13,"орландо блум","Орлан (ор! лан), нота До, фея Блум из Винкс","2025-06-13","/daily-rebuses/13.jpg","264","231","38","73","0.8750","0.1439","0.2765","0.1525"
14,"лаваш","Love (лав) + Аш","2025-06-14","/daily-rebuses/14.jpg","265","201","101","172","0.7585","0.3811","0.6491","0.3375"
15,"зловещая долина","Доктор Зло + Вещий Олег + Лариса Долина","2025-06-15","/daily-rebuses/15.jpg","282","212","115","247","0.7518","0.4078","0.8759","0.3823"
16,"сомелье","Сом и лье","2025-06-16","/daily-rebuses/16.jpg","265","233","48","89","0.8792","0.1811","0.3358","0.1681"
17,"сантехника","Sun = Сан + техника (стиральная машина)","2025-06-17","/daily-rebuses/17.jpg","274","205","127","285","0.7482","0.4635","1.0401","0.4230"
18,"кенгуру","Кен (друг Барби) + Гуру (духовный наставник)","2025-06-18","/daily-rebuses/18.jpg","257","201","88","169","0.7821","0.3424","0.6576","0.3150"
19,"хогвартс","Хог (hog = кабан) + вар (war = война) + тссс (озвучка эмодзи 🤫)","2025-06-19","/daily-rebuses/19.jpg","259","199","97","186","0.7683","0.3745","0.7181","0.3403"
20,"мини купер","Маленький Брэдли Купер","2025-06-20","/daily-rebuses/20.jpg","265","210","87","138","0.7925","0.3283","0.5208","0.2847"
21,"клубника","Плоды картофеля - клубни. Машина - car","2025-06-21","/daily-rebuses/21.jpg","253","199","107","207","0.7866","0.4229","0.8182","0.3565"
22,"аниме","А ни ме","2025-06-22","/daily-rebuses/22.jpg","244","240","56","69","0.9836","0.2295","0.2828","0.1096"
23,"убил","Оригинал анекдота: Говорю мужу: – Ну и пузо ты отрастил! Ответ убил… – У хорошего хозяина конь под навесом стоять должен!!!","2025-06-23","/daily-rebuses/23.jpg","270","214","125","270","0.7926","0.4630","1.0000","0.3902"
24,"валидол","Wall-e (валли) + кукла (doll)","2025-06-24","/daily-rebuses/24.jpg","268","238","69","106","0.8881","0.2575","0.3955","0.1909"
25,"мимоза","Мимо + за","2025-06-25","/daily-rebuses/25.jpg","262","240","66","110","0.9160","0.2519","0.4198","0.1763"
26,"картинка","Кар (звук вороны) + Тинка (teen = тинейджеры, 13-19 летние дети). Ворона - девочка, так что ""тинка""","2025-06-26","/daily-rebuses/26.jpg","260","223","113","230","0.8577","0.4346","0.8846","0.3267"
27,"табун","Тубу (запрет) + Н (эн)","2025-06-27","/daily-rebuses/27.jpg","247","205","115","225","0.8300","0.4656","0.9109","0.3551"
28,"легенда","Leg (нога) + And (и) + А","2025-06-28","/daily-rebuses/28.jpg","256","213","117","205","0.8320","0.4570","0.8008","0.3352"
29,"друзья|friends","Фамилии главных героев сериала Friends. Буфе (буфет без т), Бинг (поисковик), Трибиани (3 портрета Виталия Бианки без предпоследней буквы), Геллер (Лера Кудрявцева и Валерия, гель их), Грин (зеленый фон)","2025-06-29","/daily-rebuses/29.jpg","258","221","91","166","0.8566","0.3527","0.6434","0.2707"
30,"поздравляю, ботя|поздравляю ботя","Спасибо","2025-06-30","/daily-rebuses/30.jpg","468","462","13","16","0.9872","0.0278","0.0342","0.0198"
31,"фондю","Хромакей - зеленый экран (фон) + Дю","2025-07-01","/daily-rebuses/31.jpg","500","487","134","197","0.9740","0.2680","0.3940","0.1417"
32,"под грифом секретно","Вопрос (секрет) находится под Грифом (птицей)","2025-07-02","/daily-rebuses/32.jpg","479","452","253","532","0.9436","0.5282","1.1106","0.3325"
33,"артишок","Арт (искусство) и Шок (состояние людей)","2025-07-03","/daily-rebuses/33.jpg","470","439","213","415","0.9340","0.4532","0.8830","0.2853"
34,"ташкент","Таш (Арташес Саркисян) + Кент","2025-07-04","/daily-rebuses/34.jpg","452","436","133","210","0.9646","0.2942","0.4646","0.1645"
35,"тенеси|тенесси|теннесси|теннеси","Тен эс (10 s) + Си (английская буква С)","2025-07-05","/daily-rebuses/35.jpg","505","478","230","475","0.9465","0.4554","0.9406","0.2870"
36,"пары ртути","Ртуть разбилась по парам, а мы поменяли ударение","2025-07-06","/daily-rebuses/36.jpg","502","471","257","552","0.9382","0.5120","1.0996","0.3300"
37,"эльбрус","Эль (L) + Брус","2025-07-07","/daily-rebuses/37.jpg","463","451","117","149","0.9741","0.2527","0.3218","0.1270"
38,"амбар","Ам (время до полудня) + Бар","2025-07-08","/daily-rebuses/38.jpg","557","531","301","579","0.9533","0.5404","1.0395","0.3190"
39,"земляника","Земля (планета) + Ника (чья, это Ник Фьюри)","2025-07-09","/daily-rebuses/39.jpg","560","546","201","373","0.9750","0.3589","0.6661","0.2046"
40,"каприз","Капри (штаны) + З","2025-07-10","/daily-rebuses/40.jpg","552","542","241","414","0.9819","0.4366","0.7500","0.2325"
41,"банан","Бан + Ан (самолет)","2025-07-11","/daily-rebuses/41.jpg","550","541","214","314","0.9836","0.3891","0.5709","0.1927"
42,"зебра","The + Бра","2025-07-12","/daily-rebuses/42.jpg","556","527","374","812","0.9478","0.6727","1.4604","0.4185"
43,"бусы","Б + Усы","2025-07-13","/daily-rebuses/43.jpg","574","567","174","329","0.9878","0.3031","0.5732","0.1691"
44,"челнок","Чел (человек) + нок (knock - стук по-английски)","2025-07-14","/daily-rebuses/44.jpg","589","562","380","828","0.9542","0.6452","1.4058","0.3997"
45,"текстура","Текст (написан на листе) + ура","2025-07-15","/daily-rebuses/45.jpg","652","634","418","572","0.9724","0.6411","0.8773","0.3084"
46,"мраморная говядина","Мрамор (материал) + говядина (корова)","2025-07-16","/daily-rebuses/46.jpg","669","651","394","701","0.9731","0.5889","1.0478","0.3206"
47,"донер|донор","До (нота) + Но (no) или Не + Р","2025-07-17","/daily-rebuses/47.jpg","656","650","209","335","0.9909","0.3186","0.5107","0.1617"
48,"выборг","Выбор (решение) + Г (сокращение от говно)","2025-07-18","/daily-rebuses/48.jpg","656","636","445","899","0.9695","0.6784","1.3704","0.3934"
49,"воздушный шар|воздушный шарик","Балу + Н (balloon по-английски)","2025-07-19","/daily-rebuses/49.jpg","680","667","392","804","0.9809","0.5765","1.1824","0.3329"
50,"якудза","Игра слов на созвучии. Якут + За (голосование)","2025-07-20","/daily-rebuses/50.jpg","675","650","389","783","0.9630","0.5763","1.1600","0.3403"
51,"казань","К (читается как КА) + ЗА (на заднем плане) + НЬ","2025-07-21","/daily-rebuses/51.jpg","674","667","223","418","0.9896","0.3309","0.6202","0.1820"
52,"виноград","Вино + Град","2025-07-22","/daily-rebuses/52.jpg","740","736","241","382","0.9946","0.3257","0.5162","0.1621"
53,"диплом","Дип (deep - глубокий) + Лом (металлолом)","2025-07-23","/daily-rebuses/53.jpg","739","718","468","1015","0.9716","0.6333","1.3735","0.3814"
54,"балтика","Бал (светское мероприятие) + Тика (Тик - боец Brawl Stars)","2025-07-24","/daily-rebuses/54.jpg","736","723","433","569","0.9823","0.5883","0.7731","0.2736"
55,"аура","А + Ура (возглас)","2025-07-25","/daily-rebuses/55.jpg","716","707","208","313","0.9874","0.2905","0.4372","0.1457"
56,"чек бокс|чек-бокс|чекбокс","Чек (на изображении кассовые чеки) + Бокс (чеки боксируют)","2025-07-26","/daily-rebuses/56.jpg","688","682","308","554","0.9913","0.4477","0.8052","0.2379"
57,"ветклиника","Вет (wet - мокрый) + Клиника","2025-07-27","/daily-rebuses/57.jpg","723","708","472","989","0.9793","0.6528","1.3679","0.3808"
58,"градостроитель","Град + О (соединительная буква) + Строитель","2025-07-28","/daily-rebuses/58.jpg","716","708","315","521","0.9888","0.4399","0.7277","0.2258"
59,"мелкий","Мел + Кий","2025-07-29","/daily-rebuses/59.jpg","712","704","339","552","0.9888","0.4761","0.7753","0.2421"
60,"бинт","Бин (Мистер Бин) + Т","2025-07-30","/daily-rebuses/60.jpg","748","743","315","596","0.9933","0.4211","0.7968","0.2288"
61,"команда","Кома + НДА (NDA - соглашение о неразглашении конфиденциальной информации)","2025-07-31","/daily-rebuses/61.jpg","755","743","382","603","0.9841","0.5060","0.7987","0.2558"
62,"питер пен|питер пэн|питер паркер","Питер (Санкт-Петербург) + Пэн (ручка)","2025-08-01","/daily-rebuses/62.jpg","736","721","465","851","0.9796","0.6318","1.1563","0.3436"
63,"альтушки","Альт (инструмент) + Ушки","2025-08-02","/daily-rebuses/63.jpg","723","709","440","651","0.9806","0.6086","0.9004","0.2988"
64,"окно","Ок (жест окей) + Но (герой сериала говорит: No God, Please No!)","2025-08-03","/daily-rebuses/64.jpg","747","740","315","451","0.9906","0.4217","0.6037","0.2016"
65,"дикий огурец","Дикси минус С = Дики + Й = Дикий. + Огурец (Диджей такой)","2025-08-04","/daily-rebuses/65.jpg","773","766","445","560","0.9909","0.5757","0.7245","0.2580"
66,"муха","Му (говорит корова) + Ха (буква Х читается как Ха)","2025-08-05","/daily-rebuses/66.jpg","779","775","389","486","0.9949","0.4994","0.6239","0.2215"
67,"череп","Че (канал) + Реп (номер Петросяна)","2025-08-06","/daily-rebuses/67.jpg","781","767","493","909","0.9821","0.6312","1.1639","0.3431"
68,"бабушка надвое сказала|бабка надвое сказала","Бабушка или бабка + Надвое (делить на два) + Сказала","2025-08-07","/daily-rebuses/68.jpg","758","750","497","864","0.9894","0.6557","1.1398","0.3412"
69,"чаща","Ча и Ща пиши с буквой А","2025-08-08","/daily-rebuses/69.jpg","762","755","307","425","0.9908","0.4029","0.5577","0.1899"
70,"сероводород","Серов (певец ртом) + Одо (dodo-d=odo) + Род","2025-08-09","/daily-rebuses/70.jpg","745","739","312","514","0.9919","0.4188","0.6899","0.2130"
71,"канадка","Ка + Над + Ка","2025-08-10","/daily-rebuses/71.jpg","776","769","304","455","0.9910","0.3918","0.5863","0.1913"
72,"ворота","Вор + От + А","2025-08-11","/daily-rebuses/72.jpg","791","779","508","971","0.9848","0.6422","1.2276","0.3538"
73,"сырник","Сыр + Ник (обозначается символом @)","2025-08-12","/daily-rebuses/73.jpg","778","768","542","927","0.9871","0.6967","1.1915","0.3606"
74,"тенге","Тен (10 - ten) + Ге (художник)","2025-08-13","/daily-rebuses/74.jpg","810","801","476","847","0.9889","0.5877","1.0457","0.3104"
75,"квадратный метр|метр квадратный","Метр (м) + Квадратный (в квадратном изображении)","2025-08-14","/daily-rebuses/75.jpg","808","796","482","872","0.9851","0.5965","1.0792","0.3199"
76,"сосиска","Сос (sos по Азбуке Морзе) + И (соединительная гласная) + СКА","2025-08-15","/daily-rebuses/76.jpg","773","765","252","475","0.9897","0.3260","0.6145","0.1799"
77,"кадетство","Ка (буква К) + Детство","2025-08-16","/daily-rebuses/77.jpg","795","782","396","538","0.9836","0.4981","0.6767","0.2358"
78,"дождевые черви","Дождевые (дождь идет) + Черви (карточная масть)","2025-08-17","/daily-rebuses/78.jpg","801","796","373","539","0.9938","0.4657","0.6729","0.2211"
79,"стол","Сто (100) + Л","2025-08-18","/daily-rebuses/79.jpg","781","774","260","268","0.9910","0.3329","0.3431","0.1401"
80,"воронеж","Ворон + Еж","2025-08-19","/daily-rebuses/80.jpg","822","812","388","463","0.9878","0.4720","0.5633","0.2098"
81,"лимонад","Лимон + Ад","2025-08-20","/daily-rebuses/81.jpg","824","816","312","388","0.9903","0.3786","0.4709","0.1711"
82,"бабочка","Ба (сокращенно от ""бабушка"") + Бочка","2025-08-21","/daily-rebuses/82.jpg","834","833","146","159","0.9988","0.1751","0.1906","0.0731"
83,"фото","Фо (4 - four) + То","2025-08-22","/daily-rebuses/83.jpg","826","820","394","639","0.9927","0.4770","0.7736","0.2396"
84,"опушка","О (буква) + Пушка","2025-08-23","/daily-rebuses/84.jpg","850","844","304","497","0.9929","0.3576","0.5847","0.1814"
85,"пудель","Пуд (мера веса) + Ель","2025-08-24","/daily-rebuses/85.jpg","869","866","219","283","0.9965","0.2520","0.3257","0.1139"
86,"марка","М + Арка","2025-08-25","/daily-rebuses/86.jpg","851","850","85","99","0.9988","0.0999","0.1163","0.0431"
87,"макс|max|мессенджер макс|мессенджер max","Отсылка к мемной рекламе мессенджера Max, который ловит в лифте и на парковке","2025-08-26","/daily-rebuses/87.jpg","882","865","619","1108","0.9807","0.7018","1.2562","0.3755"
88,"коммент","Ком (снежный) + Мент (полицейский)","2025-08-27","/daily-rebuses/88.jpg","896","886","560","1061","0.9888","0.6250","1.1842","0.3406"
89,"термосумка","Термос + Умка (медведь)","2025-08-28","/daily-rebuses/89.jpg","888","885","339","536","0.9966","0.3818","0.6036","0.1880"
90,"печенье","Печень + Е","2025-08-29","/daily-rebuses/90.jpg","876","866","436","774","0.9886","0.4977","0.8836","0.2638"
91,"парад","Пара (две) + Д","2025-08-30","/daily-rebuses/91.jpg","887","877","503","846","0.9887","0.5671","0.9538","0.2916"
92,"хромосомы","Хром (гугл хром в глазах, браузер) + О (соединительная гласная) + Сомы (рыбы)","2025-08-31","/daily-rebuses/92.jpg","899","895","248","427","0.9956","0.2759","0.4750","0.1429"
93,"макс брандт","Макс (персонаж игры) + Бран (персонаж сериала) + ДТ (дизельное топливо)","2025-09-01","/daily-rebuses/93.jpg","911","905","370","570","0.9934","0.4061","0.6257","0.1993"
94,"сорока","Сорок (40) + А","2025-09-02","/daily-rebuses/94.jpg","1143","1132","563","744","0.9904","0.4926","0.6509","0.2266"
100,"3 сентября|третье сентября","Изображения олицетворяют фразы из песни Михаила Шуфутинского ""3 сентября""","2025-09-03","/daily-rebuses/100.jpg","1077","1073","202","227","0.9963","0.1876","0.2108","0.0807"
96,"тритон","Три (количество) + Тон (на всех изображениях Тоны)","2025-09-04","/daily-rebuses/96.jpg","1051","1040","604","1086","0.9895","0.5747","1.0333","0.3049"
97,"пол маккартни","Пол (деление на 2) + Мак (цветок) + Карт (автомобиль) + Ни (knee - колено по-английски)","2025-09-05","/daily-rebuses/97.jpg","1006","1002","376","555","0.9960","0.3738","0.5517","0.1786"
98,"погост","По (телепузик) + Гост (государственный стандарт)","2025-09-06","/daily-rebuses/98.jpg","972","963","442","796","0.9907","0.4547","0.8189","0.2421"
99,"табло","Таб (клавиша) + Ло (ДжейЛо - певица)","2025-09-07","/daily-rebuses/99.jpg","1022","1008","512","861","0.9863","0.5010","0.8425","0.2598"
101,"пилатес","Пилат (Понтий Пилат) + Ес (yes = да)","2025-09-08","/daily-rebuses/101.jpg","1017","999","433","823","0.9823","0.4258","0.8092","0.2384"
102,"невеста","Не (красный крест) + Веста (модель Лады)","2025-09-09","/daily-rebuses/102.jpg","995","984","340","437","0.9889","0.3417","0.4392","0.1579"
103,"пиво","Пи (3.14 и тд) + В (внутри) + О (буква)","2025-09-10","/daily-rebuses/103.jpg","985","983","117","180","0.9980","0.1188","0.1827","0.0583"
104,"одиннадцать","Один (бог) + Над (его положение на картинке) + Цать","2025-09-11","/daily-rebuses/104.jpg","981","977","177","222","0.9959","0.1804","0.2263","0.0815"
105,"фобо","Фо (4) + Бо (всех этих ребят так называют)","2025-09-12","/daily-rebuses/105.jpg","989","978","458","724","0.9889","0.4631","0.7321","0.2323"
106,"вупи голдберг","Вуп (лого whoop) + И + Голдберг (рестлер)","2025-09-13","/daily-rebuses/106.jpg","969","955","508","944","0.9856","0.5243","0.9742","0.2859"
107,"микстура","Микс (смешивать) + Ту + Ра","2025-09-14","/daily-rebuses/107.jpg","993","980","403","622","0.9869","0.4058","0.6264","0.2033"
108,"фазан","Фа (нота) + За (предлог) + Н","2025-09-15","/daily-rebuses/108.jpg","976","966","434","781","0.9898","0.4447","0.8002","0.2373"
109,"антивирус|анти вирус|анти-вирус","Анти + Вирус","2025-09-16","/daily-rebuses/109.jpg","1030","1023","394","644","0.9932","0.3825","0.6252","0.1935"
110,"многое","Много + Е","2025-09-17","/daily-rebuses/110.jpg","1026","1021","517","778","0.9951","0.5039","0.7583","0.2426"
111,"шарлотка","Шар + Лотка (д в лодке заменяем на т)","2025-09-18","/daily-rebuses/111.jpg","1021","1002","585","1116","0.9814","0.5730","1.0930","0.3184"
112,"вяз","В (внутри) + Я + З","2025-09-19","/daily-rebuses/112.jpg","1005","998","282","459","0.9930","0.2806","0.4567","0.1428"
113,"вулкан","Вул (whool - шерсть) + Кан (немецкий вратарь)","2025-09-20","/daily-rebuses/113.jpg","1020","1005","489","903","0.9853","0.4794","0.8853","0.2615"
114,"бизон","Б + Из (из чего) + Он","2025-09-21","/daily-rebuses/114.jpg","1020","1018","204","328","0.9980","0.2000","0.3216","0.0994"
115,"хенкок|хэнкок","Хенк (собака) + Ок (одноклассники)","2025-09-22","/daily-rebuses/115.jpg","1025","1013","410","633","0.9883","0.4000","0.6176","0.1997"
116,"персонаж","Перс (порода кота) + Она (знак Венеры) + Ж","2025-09-23","/daily-rebuses/116.jpg","1005","997","393","524","0.9920","0.3910","0.5214","0.1807"
117,"доктор","Док (доктор) + Тор (персонаж)","2025-09-24","/daily-rebuses/117.jpg","1006","1000","267","470","0.9940","0.2654","0.4672","0.1400"
118,"канифоль","Кани (Кани Вест) + Фольга - Га","2025-09-25","/daily-rebuses/118.jpg","1025","1022","173","224","0.9971","0.1688","0.2185","0.0767"
119,"гостиная","Гост (ghost - приведение) + И (буква i) + На (расположение) + Я","2025-09-26","/daily-rebuses/119.jpg","1016","1006","478","821","0.9902","0.4705","0.8081","0.2447"
120,"демиург","Деми (Деми Мур) + Ург (половина от Урганта)","2025-09-27","/daily-rebuses/120.jpg","1016","1007","368","618","0.9911","0.3622","0.6083","0.1871"
121,"лоток","Лот (картина) + Ок (жест)","2025-09-28","/daily-rebuses/121.jpg","1013","1001","425","658","0.9882","0.4195","0.6496","0.2094"
122,"куба","Куб (третья степень) + А","2025-09-29","/daily-rebuses/122.jpg","1015","1007","300","492","0.9921","0.2956","0.4847","0.1513"
123,"орбита","Ор (выше гор) + Бита","2025-09-30","/daily-rebuses/123.jpg","1050","1028","439","582","0.9790","0.4181","0.5543","0.2002"
124,"пирог","Пи (число) + Рог","2025-10-01","/daily-rebuses/124.jpg","1130","1129","31","39","0.9991","0.0274","0.0345","0.0126"
125,"кульминация","Куль (мешок) + Ми (нота) + Нация (на ци я)","2025-10-02","/daily-rebuses/125.jpg","1062","1025","532","953","0.9652","0.5009","0.8974","0.2807"
126,"мозаика","Мо (бармен из Симпсонов) + Заика (человек, страдающий логоневрозом)","2025-10-03","/daily-rebuses/126.jpg","1054","1022","356","594","0.9696","0.3378","0.5636","0.1872"
127,"матч","Мат (ненормативная лексика) + Ч (буква)","2025-10-04","/daily-rebuses/127.jpg","1024","1006","431","754","0.9824","0.4209","0.7363","0.2262"
128,"изба","Из букв Б составлена буква А","2025-10-05","/daily-rebuses/128.jpg","1065","1059","167","218","0.9944","0.1568","0.2047","0.0733"
129,"кубань","Куб + Юань (валюта) - Ю","2025-10-06","/daily-rebuses/129.jpg","1052","1048","135","161","0.9962","0.1283","0.1530","0.0573"
130,"шведская стенка","Флаг Швеции + Стена","2025-10-07","/daily-rebuses/130.jpg","1074","1062","358","687","0.9888","0.3333","0.6397","0.1860"
131,"награда","На (сверху) + Град (осадки) + А","2025-10-08","/daily-rebuses/131.jpg","1068","1058","233","420","0.9906","0.2182","0.3933","0.1191"
132,"лаврентий","Лав (love) + РенТВ (где в=ий)","2025-10-09","/daily-rebuses/132.jpg","1070","1067","233","392","0.9972","0.2178","0.3664","0.1111"
133,"япония","Я + Пони + Я","2025-10-10","/daily-rebuses/133.jpg","1067","1066","19","25","0.9991","0.0178","0.0234","0.0085"
134,"мальчишник в вегасе","Мальчишник (группа) + Вегас (программа для монтажа)","2025-10-11","/daily-rebuses/134.jpg","1061","1035","579","1139","0.9755","0.5457","1.0735","0.3122"
135,"сороконожка","Сор (мелкий мусор) + Око (глаз) + Ножка (часть курицы)","2025-10-12","/daily-rebuses/135.jpg","1067","1052","501","953","0.9859","0.4695","0.8932","0.2598"
136,"гол как сокол|гол, как сокол|гол - как сокол","Гол (забитый мяч) Как (равно) Сокол (птица)","2025-10-13","/daily-rebuses/136.jpg","1077","1064","365","568","0.9879","0.3389","0.5274","0.1711"
137,"запятая","За (буквы) + Пятая (порядковый номер)","2025-10-14","/daily-rebuses/137.jpg","1096","1079","679","1545","0.9845","0.6195","1.4097","0.3756"
138,"цезарь с курицей","Цезарь (правитель он же салат) + С Курицей (в руках)","2025-10-15","/daily-rebuses/138.jpg","1101","1097","213","357","0.9964","0.1935","0.3243","0.0992"
139,"поехали","По (телепузики) + Ехали (прошедшее время слова ""едут"")","2025-10-16","/daily-rebuses/139.jpg","1087","1070","587","1220","0.9844","0.5400","1.1224","0.3127"
140,"йогурт","Йог (человек в позе) + У (около) + РТ","2025-10-17","/daily-rebuses/140.jpg","1071","1070","130","179","0.9991","0.1214","0.1671","0.0560"
141,"интерфейс","Интер (футбольный клуб) + Фейс (лицо)","2025-10-18","/daily-rebuses/141.jpg","1067","1050","504","908","0.9841","0.4724","0.8510","0.2553"
142,"видеограф","Видео (видеокамера) + Граф (титул Дракулы)","2025-10-19","/daily-rebuses/142.jpg","1083","1062","648","1196","0.9806","0.5983","1.1043","0.3269"
143,"центр","Цент (сотая часть доллара) + Р","2025-10-20","/daily-rebuses/143.jpg","1081","1072","347","674","0.9917","0.3210","0.6235","0.1788"
144,"линкин парк|linkin park","Линк (ссылка) + Ин (предлог в) + Парк (на фото именно он)","2025-10-21","/daily-rebuses/144.jpg","1072","1058","578","914","0.9869","0.5392","0.8526","0.2705"
145,"массаж","Масса (физическая величина измеряемая весами) + Ж","2025-10-22","/daily-rebuses/145.jpg","1092","1075","614","1169","0.9844","0.5623","1.0705","0.3105"
146,"подлива","Под (местоположения) +Ли + Ва","2025-10-23","/daily-rebuses/146.jpg","1082","1080","173","232","0.9982","0.1599","0.2144","0.0732"
147,"пальто","Паль (синоним Fake) + ТО (техосмотр)","2025-10-24","/daily-rebuses/147.jpg","1069","1053","656","1414","0.9850","0.6137","1.3227","0.3608"
148,"фасон","Фа (нота) + Сон (состояние)","2025-10-25","/daily-rebuses/148.jpg","1066","1059","251","333","0.9934","0.2355","0.3124","0.1097"
149,"антипасти","Анти (против) + Пасти (пасть животных)","2025-10-26","/daily-rebuses/149.jpg","1069","1051","597","1120","0.9832","0.5585","1.0477","0.3069"
150,"железо","Желе (блюдо) + Зо","2025-10-27","/daily-rebuses/150.jpg","1055","1051","438","515","0.9962","0.4152","0.4882","0.1793"
151,"промежуток","Промеж (между) + У (буквы) + Ток (знак тока)","2025-10-28","/daily-rebuses/151.jpg","1068","1057","632","1099","0.9897","0.5918","1.0290","0.3085"
152,"фоторобот","Фото + Робот","2025-10-29","/daily-rebuses/152.jpg","1057","1052","272","330","0.9953","0.2573","0.3122","0.1140"
153,"колбаса","Колба + С (предлог) + А","2025-10-30","/daily-rebuses/153.jpg","1037","1028","454","723","0.9913","0.4378","0.6972","0.2192"
154,"угол","У (возлас) + Гол (попадание мяча в ворота)","2025-10-31","/daily-rebuses/154.jpg","1058","1056","148","192","0.9981","0.1399","0.1815","0.0633"
155,"лор|оториноларинголог|отоларинголог|ухогорлонос","Ухо + Горло + Нос","2025-11-01","/daily-rebuses/155.jpg","1057","1057","96","106","1.0000","0.0908","0.1003","0.0377"
156,"торговец|торговцы","Торг (спор о цене на рынке) + Овец (чей спор)","2025-11-02","/daily-rebuses/156.jpg","1057","1048","529","956","0.9915","0.5005","0.9044","0.2659"
157,"сторож","Сто (число) + Рож (грубое название лица)","2025-11-03","/daily-rebuses/157.jpg","1073","1062","659","1233","0.9897","0.6142","1.1491","0.3321"
158,"пелевин","Пеле (футболист) + Вин (win - выиграть)","2025-11-04","/daily-rebuses/158.jpg","1072","1059","586","1221","0.9879","0.5466","1.1390","0.3148"
159,"вьетнам","В букве Ь ЕТ + НА (сверху) + М","2025-11-05","/daily-rebuses/159.jpg","1083","1081","269","423","0.9982","0.2484","0.3906","0.1218"
160,"поляна","Пол (половина) + Яна (блогер Ян Топлес)","2025-11-06","/daily-rebuses/160.jpg","1071","1067","389","650","0.9963","0.3632","0.6069","0.1841"
161,"парк","Пар (эмодзи) + К","2025-11-07","/daily-rebuses/161.jpg","1076","1068","498","842","0.9926","0.4628","0.7825","0.2375"
162,"котофей","Кот + Фея","2025-11-08","/daily-rebuses/162.jpg","1083","1078","248","344","0.9954","0.2290","0.3176","0.1077"
163,"витрина","В букве И + Три На (3 слога)","2025-11-09","/daily-rebuses/163.jpg","1091","1084","343","583","0.9936","0.3144","0.5344","0.1626"
164,"картофель","Карт (машинка) + Оф (положение off) + Ель (растение)","2025-11-10","/daily-rebuses/164.jpg","1089","1083","324","529","0.9945","0.2975","0.4858","0.1506"
165,"санитарка","Сани + Т + Арка","2025-11-11","/daily-rebuses/165.jpg","1087","1082","330","386","0.9954","0.3036","0.3551","0.1319"
166,"деканат","Де (буква) + Канат (веревка в виде буквы)","2025-11-12","/daily-rebuses/166.jpg","1122","1113","498","912","0.9920","0.4439","0.8128","0.2377"
167,"зверобой","Звер (звери) + О (соединительная гласная) + Бой (поединок)","2025-11-13","/daily-rebuses/167.jpg","1100","1091","515","777","0.9918","0.4682","0.7064","0.2279"
168,"острие","Ос + три (количество букв) + ё","2025-11-14","/daily-rebuses/168.jpg","1054","1050","137","164","0.9962","0.1300","0.1556","0.0581"
169,"эмпат","Эм (буква М) + Пат (ничья в шахматах)","2025-11-15","/daily-rebuses/169.jpg","1065","1053","545","932","0.9887","0.5117","0.8751","0.2660"
170,"душегубы","Душ (душевые лейки) + Е (соединительная гласная) + Губы (лейкт на месте губ)","2025-11-16","/daily-rebuses/170.jpg","1172","1129","390","718","0.9633","0.3328","0.6126","0.1971"
171,"громкость","Гром (звук из тучи) + Кость (эмодзи)","2025-11-17","/daily-rebuses/171.jpg","1168","1142","329","396","0.9777","0.2817","0.3390","0.1346"
172,"клапан","К + Лапа (кошечкина ручка) + Н","2025-11-18","/daily-rebuses/172.jpg","1142","1142","35","52","1.0000","0.0306","0.0455","0.0145"
173,"стон","Сто (нужно посчитать) + Н","2025-11-19","/daily-rebuses/173.jpg","1136","1123","384","533","0.9886","0.3380","0.4692","0.1618"
174,"воздух","Воз (телега) + Дух (призрак)","2025-11-20","/daily-rebuses/174.jpg","1139","1099","632","1005","0.9649","0.5549","0.8824","0.2921"
175,"стенли кубрик|стэнли кубрик|кубрик стенли|кубрик стэнли","Кубрик (кубок, где О = Ри) + Стэнли (фамилия)","2025-11-21","/daily-rebuses/175.jpg","1120","1080","393","566","0.9643","0.3509","0.5054","0.1850"
176,"высоты|высота","В (местонахождение) + Ы + Соты (ячейки с медом)","2025-11-22","/daily-rebuses/176.jpg","1110","1095","127","214","0.9865","0.1144","0.1928","0.0656"
177,"гандикап","Ганди (Махатма) + Кап (cup - кружка)","2025-11-23","/daily-rebuses/177.jpg","1132","1097","467","834","0.9691","0.4125","0.7367","0.2322"
178,"двусторонний скотч","Двусторонний (в две стороны) + скотч (скотч-терьер)","2025-11-24","/daily-rebuses/178.jpg","1130","1089","606","1265","0.9637","0.5363","1.1195","0.3238"
179,"триумф","Три (количество) + Умф","2025-11-25","/daily-rebuses/179.jpg","1132","1126","64","75","0.9947","0.0565","0.0663","0.0273"
180,"чайка","Чай (напиток) + Ка (буква К)","2025-11-26","/daily-rebuses/180.jpg","1143","1133","267","372","0.9913","0.2336","0.3255","0.1125"
181,"задача","Зад (задняя часть) + Ача","2025-11-27","/daily-rebuses/181.jpg","1114","1082","489","863","0.9713","0.4390","0.7747","0.2432"
182,"кассовый разрыв","Кассовый (от слова ""касса"") + Разрыв (повреждение бумаги)","2025-11-28","/daily-rebuses/182.jpg","1093","1055","533","1018","0.9652","0.4876","0.9314","0.2825"
183,"аббат","Абба (группа) + Т","2025-11-29","/daily-rebuses/183.jpg","1132","1123","182","299","0.9920","0.1608","0.2641","0.0846"
184,"пресса","Пресс (устройство) + А","2025-11-30","/daily-rebuses/184.jpg","1131","1117","191","266","0.9876","0.1689","0.2352","0.0849"
185,"свитер","Свит (что сделан?) + эР (буква Р)","2025-12-01","/daily-rebuses/185.jpg","1156","1113","653","1373","0.9628","0.5649","1.1877","0.3417"
186,"полоса","Пол (поверхность) + Оса (насекомое)","2025-12-02","/daily-rebuses/186.jpg","1127","1108","402","597","0.9831","0.3567","0.5297","0.1787"
187,"ингосстрах","Ин (предлог В) + Гос + Страх (эмодзи)","2025-12-03","/daily-rebuses/187.jpg","1148","1114","532","999","0.9704","0.4634","0.8702","0.2642"
188,"кисель","Кис (участник группы Kiss) + Ель (дерево)","2025-12-04","/daily-rebuses/188.jpg","1140","1117","295","429","0.9798","0.2588","0.3763","0.1332"
189,"медовый месяц","Медовый (из меда) + Месяц (часть диска Луны)","2025-12-05","/daily-rebuses/189.jpg","1099","1088","225","353","0.9900","0.2047","0.3212","0.1054"
190,"дом","До (нота) + М","2025-12-06","/daily-rebuses/190.jpg","1088","1083","160","241","0.9954","0.1471","0.2215","0.0727"
191,"ирис","И (буква) + Рис (зерно)","2025-12-07","/daily-rebuses/191.jpg","1131","1131","63","98","1.0000","0.0557","0.0866","0.0269"
192,"шут гороховый|гороховый шут","Горох + Шут","2025-12-08","/daily-rebuses/192.jpg","1154","1149","110","140","0.9957","0.0953","0.1213","0.0446"
193,"фраза","Ф + Раз (один) + А","2025-12-09","/daily-rebuses/193.jpg","1156","1144","426","794","0.9896","0.3685","0.6869","0.2014"
194,"ризотто","Риз (Уизеоспун) + Отто (фон Бисмарк)","2025-12-10","/daily-rebuses/194.jpg","1163","1145","361","586","0.9845","0.3104","0.5039","0.1625"
195,"фотон","Фото (фотография) + Н","2025-12-11","/daily-rebuses/195.jpg","1128","1125","143","227","0.9973","0.1268","0.2012","0.0635"
196,"чизкейк","Чиз (сыр) + Кейк (торт)","2025-12-12","/daily-rebuses/196.jpg","1112","1093","353","389","0.9829","0.3174","0.3498","0.1421"
197,"стриж","С + Три (количество букв) + Ж","2025-12-13","/daily-rebuses/197.jpg","1095","1091","202","242","0.9963","0.1845","0.2210","0.0815"
198,"ромб","Ром (напиток) + Б","2025-12-14","/daily-rebuses/198.jpg","1125","1120","221","298","0.9956","0.1964","0.2649","0.0915"
199,"рисунок","Ри (Рианна) + Сунок (конус наоборот)","2025-12-15","/daily-rebuses/199.jpg","1153","1128","664","1201","0.9783","0.5759","1.0416","0.3132"
200,"терминатор","Термин (понятие) + Атор","2025-12-16","/daily-rebuses/200.jpg","1128","1106","541","1092","0.9805","0.4796","0.9681","0.2768"
201,"деловая колбаса","Деловая (бизнесмен) + Колбаса","2025-12-17","/daily-rebuses/201.jpg","1117","1107","283","437","0.9910","0.2534","0.3912","0.1274"
202,"шарлатан","Шар (сфера) + Латан (Златан Ибрагимович без первой буквы)","2025-12-18","/daily-rebuses/202.jpg","1112","1095","328","548","0.9847","0.2950","0.4928","0.1568"
203,"богослов","Бог (высшее существо) + Ослов (чей)","2025-12-19","/daily-rebuses/203.jpg","1135","1112","620","1269","0.9797","0.5463","1.1181","0.3164"
204,"подножка","Под (расположение) + Нож + Ка (car - машина)","2025-12-20","/daily-rebuses/204.jpg","1095","1076","482","884","0.9826","0.4402","0.8073","0.2416"
205,"снег","С + Не (отрицание) + Г","2025-12-21","/daily-rebuses/205.jpg","1132","1132","80","103","1.0000","0.0707","0.0910","0.0313"
206,"молокосос","Молоко (в стакане) + Сос (sos из Азбуки Морзе)","2025-12-22","/daily-rebuses/206.jpg","1137","1126","287","458","0.9903","0.2524","0.4028","0.1293"
207,"канапе","Ка + На (расположение) + Пе","2025-12-23","/daily-rebuses/207.jpg","1140","1134","210","320","0.9947","0.1842","0.2807","0.0913"
208,"тротил","Трот (перевернутый торт) + Ил (перевернутый Ли)","2025-12-24","/daily-rebuses/208.jpg","1131","1120","246","432","0.9903","0.2175","0.3820","0.1175"
209,"тупик","Ту (двойка) + Пик (масть)","2025-12-25","/daily-rebuses/209.jpg","1116","1107","190","244","0.9919","0.1703","0.2186","0.0802"
210,"холли берри","Холл (вестибюль) + И (соединительная гласная) + Берри (ягода на английском)","2025-12-26","/daily-rebuses/210.jpg","1105","1082","636","1154","0.9792","0.5756","1.0443","0.3130"
211,"уют","У (предлог) + Ю + Т","2025-12-27","/daily-rebuses/211.jpg","1104","1095","236","378","0.9918","0.2138","0.3424","0.1097"
212,"лампас","Лампа + С","2025-12-28","/daily-rebuses/212.jpg","1119","1106","231","382","0.9884","0.2064","0.3414","0.1098"
213,"сорока","Сор (мусор) + Ока (глАза)","2025-12-29","/daily-rebuses/213.jpg","1126","1104","539","827","0.9805","0.4787","0.7345","0.2416"
214,"родина","Р + Один + А","2025-12-30","/daily-rebuses/214.jpg","1092","1089","115","147","0.9973","0.1053","0.1346","0.0482"
215,"с новым годом","Символ СНГ (С + Новым + Годом)","2025-12-31","/daily-rebuses/215.jpg","1074","1043","503","865","0.9711","0.4683","0.8054","0.2552"
216,"оливье","Салат на картинке","2026-01-01","/daily-rebuses/216.jpg","1255","1191","171","178","0.9490","0.1363","0.1418","0.0859"
217,"куча мала|куча-мала","Небольшая горка снега","2026-01-02","/daily-rebuses/217.jpg","1263","1117","689","1520","0.8844","0.5455","1.2035","0.3863"
218,"стример","С + Три + Мер","2026-01-03","/daily-rebuses/218.jpg","1220","1177","202","250","0.9648","0.1656","0.2049","0.0933"
219,"колготки","Кол (заостренная палка) + Готки (чей, девушки-гота)","2026-01-04","/daily-rebuses/219.jpg","1207","1152","408","609","0.9544","0.3380","0.5046","0.1875"
220,"рогалик","Рога + Лик","2026-01-05","/daily-rebuses/220.jpg","1189","1185","30","36","0.9966","0.0252","0.0303","0.0129"
221,"биполярное расстройство","Два (би) полюса (полярное) грустные (расстройство)","2026-01-06","/daily-rebuses/221.jpg","1258","1155","809","1943","0.9181","0.6431","1.5445","0.4416"
222,"поплавок","Поп (священник) + Лав (символ любви) + Ок (жест ""окей"")","2026-01-07","/daily-rebuses/222.jpg","1213","1140","515","884","0.9398","0.4246","0.7288","0.2516"
223,"экран","Э + Кран","2026-01-08","/daily-rebuses/223.jpg","1201","1188","56","81","0.9892","0.0466","0.0674","0.0283"
224,"портос","Порт (место) + Ос (принадлежит насекомым)","2026-01-09","/daily-rebuses/224.jpg","1192","1146","440","831","0.9614","0.3691","0.6971","0.2200"
225,"радар","Ра (бог солнца) + Дар (подарок)","2026-01-10","/daily-rebuses/225.jpg","1256","1202","378","611","0.9570","0.3010","0.4865","0.1740"
226,"санпин","Сан (солнце) + Пин (смешарик)","2026-01-11","/daily-rebuses/226.jpg","1266","1210","351","612","0.9558","0.2773","0.4834","0.1684"
227,"гогот","Го (игра) + Гот (субкультура)","2026-01-12","/daily-rebuses/227.jpg","1258","733","415","661","0.5827","0.3299","0.5254","0.4117"
228,"ключица","Ключи + Ц + А","2026-01-13","/daily-rebuses/228.jpg","1251","1243","125","206","0.9936","0.0999","0.1647","0.0535"
229,"мигель","Ми (нота) + Гель (вещество)","2026-01-14","/daily-rebuses/229.jpg","1342","1281","638","1296","0.9545","0.4754","0.9657","0.2910"
230,"рубаха парень|рубаха-парень","Рубаха (одежда) + Парень (символ Марса)","2026-01-15","/daily-rebuses/230.jpg","1237","1182","538","837","0.9555","0.4349","0.6766","0.2369"
231,"футбол","Фут (мера длины) + Бол (мяч)","2026-01-16","/daily-rebuses/231.jpg","1240","1198","238","345","0.9661","0.1919","0.2782","0.1100"
232,"таджикистан","Таджики (национальность) + Стан (нотный)","2026-01-17","/daily-rebuses/232.jpg","1209","1160","647","1324","0.9595","0.5352","1.0951","0.3224"
233,"кишлак","Киш (король и шут) + Лак (средство для ногтей)","2026-01-18","/daily-rebuses/233.jpg","1234","1215","261","460","0.9846","0.2115","0.3728","0.1180"
234,"эминем|eminem","Эм + И (амперсанд) + Нем (немой смайлик)","2026-01-19","/daily-rebuses/234.jpg","1216","1167","634","1225","0.9597","0.5214","1.0074","0.3056"
235,"ежовые рукавицы","Рукавицы из иголок ежа","2026-01-20","/daily-rebuses/235.jpg","1236","1218","254","350","0.9854","0.2055","0.2832","0.1026"
236,"стройка","С + Тройка (лошадей)","2026-01-21","/daily-rebuses/236.jpg","1242","1219","304","526","0.9815","0.2448","0.4235","0.1358"
237,"изюм","Из (из чего) + Ю + М","2026-01-22","/daily-rebuses/237.jpg","1278","1266","256","456","0.9906","0.2003","0.3568","0.1092"
238,"корма","Корм (продукт) + А","2026-01-23","/daily-rebuses/238.jpg","1255","1245","255","481","0.9920","0.2032","0.3833","0.1131"
239,"наезд","На (где) + Е + ЗД","2026-01-24","/daily-rebuses/239.jpg","1244","1239","197","347","0.9960","0.1584","0.2789","0.0838"
240,"кнопка слива","Кнопка + Слива (имеется в виду сантехнический слив)","2026-01-25","/daily-rebuses/240.jpg","1299","1269","607","1237","0.9769","0.4673","0.9523","0.2735"
241,"звездная болезнь","Звездная (морская звезда) + Болезнь (плохо себя чувствует)","2026-01-26","/daily-rebuses/241.jpg","1307","1285","391","665","0.9832","0.2992","0.5088","0.1612"
242,"шарада","Шар (воздушный) + Ада (в аду)","2026-01-27","/daily-rebuses/242.jpg","1286","1274","325","563","0.9907","0.2527","0.4378","0.1344"
243,"пластик","П + Ластик (стирательная резинка)","2026-01-28","/daily-rebuses/243.jpg","1291","1290","74","97","0.9992","0.0573","0.0751","0.0261"
244,"сансара","Сан (sun - солнце) + Сара (Коннор)","2026-01-29","/daily-rebuses/244.jpg","1292","1267","395","632","0.9807","0.3057","0.4892","0.1614"
245,"кубок","Куб (геометрическое тело) + Ок (жест)","2026-01-30","/daily-rebuses/245.jpg","1291","1285","108","188","0.9954","0.0837","0.1456","0.0455"
246,"первый блин комом","Первый (на первом месте) + Блин + Комом (шар)","2026-01-31","/daily-rebuses/246.jpg","1310","1280","519","721","0.9771","0.3962","0.5504","0.1953"
247,"патриот","Па (балетное движение) + Три (количество) + От (слог)","2026-02-01","/daily-rebuses/247.jpg","1283","1259","562","1155","0.9813","0.4380","0.9002","0.2558"
248,"умка","Ум (мозг) + Ка (буква)","2026-02-02","/daily-rebuses/248.jpg","1297","1272","696","1219","0.9807","0.5366","0.9399","0.2867"
249,"зубр","Зуб + Р","2026-02-03","/daily-rebuses/249.jpg","1311","1307","143","230","0.9969","0.1091","0.1754","0.0554"
250,"коренье","Корень (знак) + Е","2026-02-04","/daily-rebuses/250.jpg","1293","1276","339","655","0.9869","0.2622","0.5066","0.1494"
251,"мать","Мат (на письме шифруется этими символами) + Ь","2026-02-05","/daily-rebuses/251.jpg","1317","1305","347","533","0.9909","0.2635","0.4047","0.1320"
252,"индиана","Ин (домен Индии) + Диана (Принцесса)","2026-02-06","/daily-rebuses/252.jpg","1304","1276","706","1688","0.9785","0.5414","1.2945","0.3424"
253,"душнила","Душ (сантехника) + Нила (река, душ чей)","2026-02-07","/daily-rebuses/253.jpg","1295","1274","387","510","0.9838","0.2988","0.3938","0.1435"
254,"амбал","Ам (звуки) + Бал (танцевальный вечер)","2026-02-08","/daily-rebuses/254.jpg","1316","1286","628","1341","0.9772","0.4772","1.0190","0.2858"
255,"глазомер","Глаз + О (соединительная гласная) + Мер (измерять)","2026-02-09","/daily-rebuses/255.jpg","1322","1314","319","556","0.9939","0.2413","0.4206","0.1270"
256,"микроб","Микро (приставка в математике) + Б","2026-02-10","/daily-rebuses/256.jpg","1338","1319","542","941","0.9858","0.4051","0.7033","0.2153"
257,"халупа","Ха (смех эмодзи) + Лупа (приспособление для увеличения)","2026-02-11","/daily-rebuses/257.jpg","1336","1306","759","1047","0.9775","0.5681","0.7837","0.2731"
258,"уголь","Угол (фигура) + Ь","2026-02-12","/daily-rebuses/258.jpg","1315","1311","127","187","0.9970","0.0966","0.1422","0.0473"
259,"спринт","С + Принт (печать на футболке)","2026-02-13","/daily-rebuses/259.jpg","1290","1281","547","1045","0.9930","0.4240","0.8101","0.2317"
260,"уловка","Улов (пойманное в озере) + Ка (буквы)","2026-02-14","/daily-rebuses/260.jpg","1248","1234","587","1039","0.9888","0.4704","0.8325","0.2492"
261,"байт","Единицы хранения информации. 8 бит = 1 байт","2026-02-15","/daily-rebuses/261.jpg","1281","1272","444","884","0.9930","0.3466","0.6901","0.1944"
262,"пушкин","Пушки (орудия) + Н (в виде буквы Н)","2026-02-16","/daily-rebuses/262.jpg","1324","1314","226","345","0.9924","0.1707","0.2606","0.0863"
263,"волгоград","Марка машин + Ледяные осадки","2026-02-17","/daily-rebuses/263.jpg","1313","1293","631","1303","0.9848","0.4806","0.9924","0.2781"
264,"мель","Мел (чем написали букву) + Ь","2026-02-18","/daily-rebuses/264.jpg","1302","1297","150","221","0.9962","0.1152","0.1697","0.0566"
265,"призрак","Приз (трофей) + Рак (существо)","2026-02-19","/daily-rebuses/265.jpg","1354","1345","543","1064","0.9934","0.4010","0.7858","0.2221"
266,"пара","Пар (газообразное состояние жидкости в чашке) + А","2026-02-20","/daily-rebuses/266.jpg","1298","1294","211","292","0.9969","0.1626","0.2250","0.0762"
267,"передача","Перед А Ча","2026-02-21","/daily-rebuses/267.jpg","1304","1295","490","935","0.9931","0.3758","0.7170","0.2056"
268,"совпадение","Сов (совы) + Падение (падают)","2026-02-22","/daily-rebuses/268.jpg","1320","1310","462","982","0.9924","0.3500","0.7439","0.2036"
269,"ягода|ягоды","Я + Года (годы)","2026-02-23","/daily-rebuses/269.jpg","1338","1337","119","201","0.9993","0.0889","0.1502","0.0452"
270,"кипарис","Кипа (ворох бумаг) + Рис (гарнир)","2026-02-24","/daily-rebuses/270.jpg","1340","1325","619","1027","0.9888","0.4619","0.7664","0.2372"
271,"колчан","Кол (единица) + Чан (емкость)","2026-02-25","/daily-rebuses/271.jpg","1337","1319","683","1382","0.9865","0.5108","1.0337","0.2908"
272,"подолог","Под О Лог","2026-02-26","/daily-rebuses/272.jpg","1351","1345","316","592","0.9956","0.2339","0.4382","0.1269"
273,"ксенон","К + Сено (стог) + Н","2026-02-27","/daily-rebuses/273.jpg","1332","1326","270","447","0.9955","0.2027","0.3356","0.1037"
274,"груздь","Груз (то, что поднимает кран) + Дь","2026-02-28","/daily-rebuses/274.jpg","1303","1286","511","701","0.9870","0.3922","0.5380","0.1866"
275,"золото","Зо (буквы) + Лото (игра)","2026-03-01","/daily-rebuses/275.jpg","1345","1333","645","1093","0.9911","0.4796","0.8126","0.2471"
276,"папаха","Папа (Римский) + Ха","2026-03-02","/daily-rebuses/276.jpg","1380","1380","92","133","1.0000","0.0667","0.0964","0.0311"
277,"тролль","Т + Ролл (блюдо) + Ь","2026-03-03","/daily-rebuses/277.jpg","1405","1404","126","222","0.9993","0.0897","0.1580","0.0465"
278,"тире","Тир (стрельбище) + Е","2026-03-04","/daily-rebuses/278.jpg","1340","1323","432","672","0.9873","0.3224","0.5015","0.1634"
279,"картавость","Карта + Вость (название)","2026-03-05","/daily-rebuses/279.jpg","1368","1365","344","691","0.9978","0.2515","0.5051","0.1399"
280,"индианка","Инди (образ индейца) + Анка (персонаж)","2026-03-06","/daily-rebuses/280.jpg","1347","1328","869","1811","0.9859","0.6451","1.3445","0.3714"
281,"шутка","Шут (арлекин) + Ка (car - машина)","2026-03-07","/daily-rebuses/281.jpg","1352","1337","556","998","0.9889","0.4112","0.7382","0.2202"
282,"зов","Зо (30 - тридцать) + В","2026-03-08","/daily-rebuses/282.jpg","1312","1303","444","862","0.9931","0.3384","0.6570","0.1873"
283,"край","К + Рай (на небесах)","2026-03-09","/daily-rebuses/283.jpg","1336","1335","204","284","0.9993","0.1527","0.2126","0.0705"
284,"торг","Тор (фигура) + Г","2026-03-10","/daily-rebuses/284.jpg","1396","1378","716","1207","0.9871","0.5129","0.8646","0.2657"
285,"британец","Бри (сыр) + Танец","2026-03-11","/daily-rebuses/285.jpg","1384","1369","700","1432","0.9892","0.5058","1.0347","0.2882"
286,"слава","С + Лава (вулканическая масса)","2026-03-12","/daily-rebuses/286.jpg","1365","1365","71","94","1.0000","0.0520","0.0689","0.0233"
287,"букашка","Бу + Кашка (небольшая каша)","2026-03-13","/daily-rebuses/287.jpg","1370","1363","286","396","0.9949","0.2088","0.2891","0.0986"
288,"краб","К + Раб (невольник)","2026-03-14","/daily-rebuses/288.jpg","1350","1332","746","1417","0.9867","0.5526","1.0496","0.3036"
289,"оружие","Ору (действие) + Жие","2026-03-15","/daily-rebuses/289.jpg","1335","1331","398","774","0.9970","0.2981","0.5798","0.1633"
290,"семья","Семь (число букв) + Я","2026-03-16","/daily-rebuses/290.jpg","1326","1325","137","150","0.9992","0.1033","0.1131","0.0433"
291,"пикет","Пике (фигура пилотажа) + Т","2026-03-17","/daily-rebuses/291.jpg","1297","1281","660","830","0.9877","0.5089","0.6399","0.2306"
292,"смех","С + Мех (материал)","2026-03-18","/daily-rebuses/292.jpg","1300","1297","162","290","0.9977","0.1246","0.2231","0.0660"
293,"подошва","Под (расположение) + О (буква на обуви) + Шва","2026-03-19","/daily-rebuses/293.jpg","1301","1300","122","160","0.9992","0.0938","0.1230","0.0424"
294,"рифма","Риф (скала под водой) + Ма","2026-03-20","/daily-rebuses/294.jpg","1173","1159","457","709","0.9881","0.3896","0.6044","0.1952"
295,"кремний","Крем (на торте) + Ний","2026-03-21","/daily-rebuses/295.jpg","1165","1154","496","860","0.9906","0.4258","0.7382","0.2228"
296,"мешок","Ме + Шок (эмоция)","2026-03-22","/daily-rebuses/296.jpg","1218","1192","813","1741","0.9787","0.6675","1.4294","0.3941"
297,"граф","Г + Раф (вид кофе)","2026-03-23","/daily-rebuses/297.jpg","1206","1193","570","1097","0.9892","0.4726","0.9096","0.2611"
298,"подвал","Под (местоположение) + В + Ал","2026-03-24","/daily-rebuses/298.jpg","1233","1233","60","75","1.0000","0.0487","0.0608","0.0213"
299,"устой","У (обращение) + Стой (приказ)","2026-03-25","/daily-rebuses/299.jpg","1215","1207","493","828","0.9934","0.4058","0.6815","0.2076"
300,"совет","Сове (кому) + Т","2026-03-26","/daily-rebuses/300.jpg","1199","1189","625","848","0.9917","0.5213","0.7073","0.2414"
301,"слуга","С + Луга (земли с растениями)","2026-03-27","/daily-rebuses/301.jpg","1194","1185","347","720","0.9925","0.2906","0.6030","0.1676"
302,"гром","Г + Ром (напиток)","2026-03-28","/daily-rebuses/302.jpg","1165","1150","172","279","0.9871","0.1476","0.2395","0.0806"
303,"городовой","Город (населенный пункт) + Овой","2026-03-29","/daily-rebuses/303.jpg","1221","1195","534","858","0.9787","0.4373","0.7027","0.2275"
304,"грильяж","Гриль (для жарки) + Яж","2026-03-30","/daily-rebuses/304.jpg","1624","1390","227","341","0.8559","0.1398","0.2100","0.1529"
305,"наука","На (где) + У + Ка","2026-03-31","/daily-rebuses/305.jpg","1478","1181","372","798","0.7991","0.2517","0.5399","0.2645"
306,"горизонт","Гори (приказ) + Зонт","2026-04-01","/daily-rebuses/306.jpg","1351","1080","314","430","0.7994","0.2324","0.3183","0.2262"
307,"хмель","Х + Мель (мелководье)","2026-04-02","/daily-rebuses/307.jpg","1250","931","560","1098","0.7448","0.4480","0.8784","0.3969"
308,"учебник","Учеб + Ник (имя персонажа)","2026-04-03","/daily-rebuses/308.jpg","1169","1072","108","169","0.9170","0.0924","0.1446","0.0946"
309,"зоопарк","Зоо (число триста) + Парк","2026-04-04","/daily-rebuses/309.jpg","1094","885","332","689","0.8090","0.3035","0.6298","0.2850"
310,"вокзал","Вок (блюдо) + За (местоположение) + Л","2026-04-05","/daily-rebuses/310.jpg","1054","852","366","643","0.8083","0.3472","0.6101","0.2933"
311,"прошлое","Прошло (форма прошедшего времени) + Е","2026-04-06","/daily-rebuses/311.jpg","1012","777","536","993","0.7678","0.5296","0.9812","0.4189"
312,"залог|подлог","За/Под (где) + Л + Ог","2026-04-07","/daily-rebuses/312.jpg","969","774","427","660","0.7988","0.4407","0.6811","0.3331"
313,"тип","Т + ИП","2026-04-08","/daily-rebuses/313.jpg","912","873","33","41","0.9572","0.0362","0.0450","0.0414"
314,"полнота","Пол (покрытие) + Нота (музыкальный знак)","2026-04-09","/daily-rebuses/314.jpg","867","769","162","294","0.8870","0.1869","0.3391","0.1654"
315,"дробина","Д (буква) + Робина (чья?)","2026-04-10","/daily-rebuses/315.jpg","788","533","339","806","0.6764","0.4302","1.0228","0.4551"
316,"город","Горо (персонаж игры) + Д","2026-04-11","/daily-rebuses/316.jpg","726","559","98","129","0.7700","0.1350","0.1777","0.1984"
317,"нефть","Не (запрет/отрицание) + Фть","2026-04-12","/daily-rebuses/317.jpg","697","649","10","17","0.9311","0.0143","0.0244","0.0486"
318,"пирамида маслоу","Пирамида (форма) + Масло (продукт) + У","2026-04-13","/daily-rebuses/318.jpg","708","572","117","263","0.8079","0.1653","0.3715","0.2123"
319,"водное поло","Водное (из воды) + Поло (одежда)","2026-04-14","/daily-rebuses/319.jpg","680","569","61","96","0.8368","0.0897","0.1412","0.1415"
320,"гроза|грозы","Г (буква) + Роза (цветок)","2026-04-15","/daily-rebuses/320.jpg","665","649","2","2","0.9759","0.0030","0.0030","0.0156"
321,"индюк","Ин (in) + Д + Юк","2026-04-16","/daily-rebuses/321.jpg","707","593","170","252","0.8388","0.2405","0.3564","0.2103"
322,"окорок|рококо","Око (глаз) + Рок (музыка)","2026-04-17","/daily-rebuses/322.jpg","688","575","172","281","0.8358","0.2500","0.4084","0.2223"
323,"леска","Лес (пространство с деревьями) + Ка (буква)","2026-04-18","/daily-rebuses/323.jpg","644","596","51","85","0.9255","0.0792","0.1320","0.0843"
324,"даль","Дал (действие) + Ь","2026-04-19","/daily-rebuses/324.jpg","645","516","329","739","0.8000","0.5101","1.1457","0.4194"
325,"начало","На (где) + Ча + Ло","2026-04-20","/daily-rebuses/325.jpg","608","569","54","84","0.9359","0.0888","0.1382","0.0814"
326,"песок","Пе + Сок","2026-04-21","/daily-rebuses/326.jpg","552","550","0","0","0.9964","0.0000","0.0000","0.0022"
327,"горох","Го (игра) + Рох","2026-04-22","/daily-rebuses/327.jpg","468","403","32","47","0.8611","0.0684","0.1004","0.1155"
328,"ток","""Кот"" в зеркальном отражении","2026-04-23","/daily-rebuses/328.jpg","0","0","0","0","0","0","0","0"
